gene,logfc,pval_adj,cluster
LDHB,2.686862,1.6453846344648298e-221,0
CD3D,3.235707,1.9892370013176948e-175,0
LTB,2.4859672,5.4959174299891357e-129,0
CD3E,2.604374,1.6250817316987132e-119,0
IL32,2.546581,2.9633154430938e-107,0
IL7R,2.7498884,2.3582552823302612e-101,0
NOSIP,2.2763872,5.285310695573204e-82,0
AES,1.642938,8.850995651621995e-54,0
CD2,2.152311,9.183362751535072e-50,0
CD7,1.7478839,1.5244522995523216e-42,0
LCK,1.7923015,5.2239951832341856e-42,0
CD27,2.4081504,2.9210065740043825e-40,0
PIK3IP1,2.337586,1.4124663778531484e-38,0
CCR7,3.0623343,1.4948877450540152e-38,0
LEF1,3.3878398,1.1271979305924037e-31,0
PRDX2,1.718816,5.359298738591569e-29,0
GIMAP5,1.7622087,5.729188192182843e-29,0
TRAT1,2.8679383,1.0460003739091483e-28,0
CD3G,2.1095872,3.3099894838268033e-28,0
TCF7,2.1011534,5.195944413205862e-28,0
PRKCQ-AS1,2.9164035,1.0368348805428858e-27,0
RGCC,2.0629208,2.329816253593095e-27,0
AQP3,2.9080708,3.2243869316222086e-27,0
MAL,4.0289364,7.471558728517656e-26,0
LEPROTL1,1.7408383,7.162463395245988e-24,0
DNAJB1,1.5431111,2.0192410555150682e-22,0
RHOH,1.6506627,2.659269358526716e-21,0
SPOCK2,1.890083,8.869970690687196e-21,0
FLT3LG,2.3126924,1.051589512478918e-20,0
LAT,1.7312889,3.383621520925522e-19,0
OCIAD2,1.5630189,4.284361207237575e-16,0
LDLRAP1,2.7794259,6.438956243325525e-15,0
CD40LG,3.3367703,4.297729114283186e-14,0
SUSD3,2.1432936,4.419750638115435e-12,0
ITM2A,2.1422222,1.0980785666671132e-10,0
NGFRAP1,2.940084,2.1155014602595794e-10,0
AAK1,1.7783892,5.945478759952031e-10,0
TRABD2A,2.841691,1.535682706394496e-09,0
SOCS3,1.5541198,1.535682706394496e-09,0
TTC39C,1.9388667,2.5237587744391513e-09,0
OXNAD1,2.0720677,6.231675603574584e-09,0
MYC,1.6422862,9.695765947566534e-09,0
SIT1,1.5877659,4.561701905730993e-08,0
CD6,2.0880516,7.449658458730903e-08,0
FHIT,3.1015773,1.045954059228784e-07,0
MGAT4A,1.7783858,1.0947136798169832e-07,0
SH3YL1,2.2808645,1.399928498575446e-07,0
RCAN3,2.009893,6.621492285498192e-07,0
LINC00176,4.8724813,7.054874351865376e-07,0
BEX2,1.8525039,1.1801095102443395e-06,0
SELM,1.8990444,2.3259849437612954e-06,0
RGL4,1.8533182,3.134252265133182e-06,0
BCL11B,2.403744,7.729630411564019e-06,0
PASK,3.4032798,2.0443208560947518e-05,0
STMN3,1.6871533,2.460108206881703e-05,0
CD5,2.6315567,2.818234579951873e-05,0
RP11-664D1.1,4.04567,3.3291858994882064e-05,0
NELL2,3.1031837,6.078755580958991e-05,0
NUCB2,1.5370507,6.227478470833453e-05,0
CAMK4,1.8238642,8.576104325210697e-05,0
EPHX2,3.818476,0.000198473471362396,0
TNFRSF4,3.190903,0.0002644690282937946,0
TMEM204,2.119346,0.00029570337085197703,0
CRIP2,2.829025,0.0006491830505217956,0
LINC00861,1.7577188,0.0007510601790808679,0
CISH,2.0920217,0.0007572226317756809,0
TESPA1,2.2793934,0.0007891912484285516,0
USP10,1.9104543,0.0008339309245514762,0
C14orf64,3.0360537,0.0010729175244304262,0
GATA3,1.905885,0.0011385961938256016,0
CCDC104,2.0110197,0.0011396870357913726,0
SCGB3A1,3.1124337,0.0019521404220807874,0
SCML4,1.890886,0.002183799101282228,0
ITK,1.8079191,0.0023138549694861105,0
FBLN5,3.515334,0.0038449836611263244,0
FAM102A,1.8284186,0.004609613645869904,0
BCL2,1.596262,0.005696998964261335,0
ATP6V0E2,1.5193212,0.005747386723131441,0
CMTM8,3.6160114,0.006568387541787468,0
APBA2,2.6203873,0.006852988292717462,0
TSHZ2,4.343734,0.007674349713653103,0
AC013264.2,3.273537,0.00926517679640573,0
SIRPG,1.9504569,0.019480297275910757,0
CTC-523E23.11,2.1362586,0.02080625974983312,0
RP11-18H21.1,3.296921,0.02154839979513267,0
ADTRP,3.6680603,0.022124153892817033,0
CD28,1.8592584,0.02433735018665633,0
TNRC6C,2.2978222,0.030158939811788348,0
TNFRSF25,1.7681364,0.03162626255876223,0
SOCS1,1.9578706,0.043098933287431355,0
LGALS3BP,1.6794829,0.04734483189987262,0
PCSK1N,3.5233505,0.04781254420692496,0
AKTIP,1.661659,0.04898273129917111,0
CD74,4.0906043,7.680305869126542e-183,1
CD79A,7.702415,3.09350231002909e-169,1
HLA-DRA,4.9018865,5.740690303341027e-167,1
CD79B,5.506813,3.4172562578913204e-153,1
HLA-DPB1,4.0790453,1.6657354695604056e-147,1
MS4A1,6.4499426,1.4541590509372305e-139,1
HLA-DQA1,5.36059,3.2566180328504985e-139,1
HLA-DRB1,3.8927095,1.771838853180837e-129,1
HLA-DQB1,4.9755106,4.721749136678928e-128,1
CD37,2.4889455,3.3619019031170415e-127,1
HLA-DPA1,3.6966364,3.110737304374228e-123,1
HLA-DRB5,3.3042264,3.617293848521808e-86,1
TCL1A,6.953565,2.9556019114584735e-73,1
LINC00926,7.5361814,1.1891909103198795e-60,1
HLA-DMA,3.1187387,6.25646099446802e-59,1
VPREB3,7.440027,5.647108414782478e-45,1
HLA-DQA2,4.2485285,1.7597873173577175e-44,1
LTB,1.8223989,1.063572644210693e-40,1
HLA-DMB,3.204562,2.5036768992221776e-40,1
BANK1,4.8132463,3.652990745288125e-40,1
HVCN1,3.9581568,3.041344028569158e-38,1
CXCR4,1.6096165,1.3935295519012797e-33,1
ISG20,1.6936378,2.9887320011442236e-31,1
FCER2,6.4035583,8.80435111146635e-27,1
LY86,2.371468,7.059513580324863e-22,1
SNX2,2.2515829,1.0576509298458424e-21,1
SNHG7,1.9263872,1.8541303225369535e-20,1
IRF8,3.2913117,5.1019377996600814e-20,1
EAF2,3.5837784,5.131808286961331e-18,1
TSPAN13,6.1201468,7.440362004382012e-18,1
FCRLA,6.529425,9.956161207463139e-17,1
PDLIM1,4.1739817,1.475993413176061e-16,1
HLA-DOB,5.4731274,5.847908469919642e-15,1
PPAPDC1B,3.6114342,7.614283367054809e-15,1
NCF1,2.1740572,1.7994009630358667e-14,1
CYB561A3,3.174899,1.9163591574307278e-14,1
GNG7,4.691338,2.870015505912492e-14,1
PKIG,5.7461734,3.062213240077047e-14,1
CD40,4.2326627,3.3458636448692915e-14,1
SMIM14,2.9958935,5.579630004221416e-14,1
BLK,4.815733,7.418707146071418e-14,1
FAIM3,1.8907475,1.217653274094768e-13,1
P2RX5,4.4770665,1.3296616434331744e-12,1
CD72,5.290276,1.850706353143302e-12,1
MARCH1,3.4952998,6.590189855256647e-12,1
PLEKHF2,2.9461422,7.961169548929585e-11,1
QRSL1,3.5158806,1.0235250272140364e-10,1
SPIB,5.2788744,1.0786769573487719e-10,1
MEF2C,3.4039135,2.070611396831877e-10,1
IGLL5,5.651419,8.13979711930198e-10,1
KIAA0125,5.9940658,3.125703444805691e-09,1
PNOC,5.4700627,3.8414887181893176e-09,1
BLNK,4.953206,8.886855185513323e-09,1
SWAP70,3.910706,1.0985486687799112e-08,1
CD22,3.9846218,1.3120402878290084e-08,1
CD19,5.271167,2.5865052298619587e-08,1
FCRL1,4.281343,5.3826440528953967e-08,1
TPD52,2.690626,2.1376328943227106e-07,1
LAT2,2.4564614,3.7304423117226724e-07,1
SYPL1,1.7970359,4.7516737455579167e-07,1
STX7,2.034819,1.1676843465712117e-06,1
SNX29P2,4.4937963,5.900839071200141e-06,1
CXXC5,2.4968681,7.364763643165777e-06,1
ORAI2,2.5890331,9.147065336416184e-06,1
ADAM28,4.560276,2.076634368465288e-05,1
GAPT,2.8784702,2.4511793107316058e-05,1
PRKCB,1.6607794,5.2602484749129064e-05,1
BIRC3,1.6915303,5.4654583864820304e-05,1
ARHGAP24,4.185642,7.359039208667735e-05,1
RALGPS2,4.120321,0.0002051075611734118,1
POU2AF1,4.9775667,0.00020559753118524633,1
HHEX,2.330482,0.0003853860473894651,1
CD180,4.3490233,0.0006636997252159162,1
RNASE6,1.7755058,0.0007436431413657641,1
ITM2C,2.4367366,0.0008902176709708734,1
ADK,1.7149086,0.0008933719001724388,1
FCGR2B,4.276577,0.000908794755131928,1
STRBP,3.7398055,0.001463693288049941,1
IFT57,2.03452,0.0019193454885203802,1
C16orf74,2.9034882,0.001988383129715428,1
PARP1,1.5431949,0.0025315177218968496,1
MZB1,3.9779286,0.0026523785660246585,1
TSPAN3,2.3704977,0.0027674637637119196,1
TLR10,5.099417,0.0027674637637119196,1
BTK,2.037725,0.0034895310704848186,1
CCDC50,2.3957646,0.0057309064855013475,1
AC079767.4,7.4600935,0.006332475287874232,1
IL4R,2.3559458,0.00697795138407651,1
REL,1.5071274,0.009246890886795344,1
IGJ,4.041411,0.009525728922109959,1
GPR18,2.7097738,0.010957767614814444,1
PLD4,2.631637,0.011289972857586626,1
PPP1R14A,4.5981464,0.011345521972396504,1
FAM129C,5.7088304,0.014033705111146674,1
AFF3,4.1934648,0.015116646464366407,1
MBD4,1.6029863,0.015356709229773268,1
C15orf57,1.9080913,0.017120655372255003,1
FCRL2,5.95634,0.017349256336053175,1
SEL1L3,3.0616431,0.017394882480570945,1
GUCD1,2.4673245,0.019011886354262448,1
KIAA0226L,4.4748282,0.019397739148758066,1
CDCA7L,3.1709335,0.02021126167473392,1
RP11-693J15.5,5.631788,0.024384014643422745,1
TCF4,3.4231455,0.024698164459679487,1
ZCCHC7,1.9687604,0.025025190403867956,1
YBX3,1.5321637,0.025317206286291385,1
HLA-DQB2,3.7400324,0.02587416615066649,1
TMEM154,1.8761746,0.028020669821336927,1
CD82,1.752998,0.036006223418428,1
BCAS4,2.1872482,0.040284413223611606,1
BCL7A,4.9929295,0.04652568920086268,1
LYZ,6.1664166,1.5826573232588092e-250,2
S100A9,7.3639297,2.6353466439876982e-250,2
S100A8,7.589484,1.8414972281829506e-237,2
TYROBP,5.52401,4.811138891765843e-226,2
FTL,3.5464272,5.994648912145559e-223,2
CST3,5.728141,1.616156235291656e-215,2
FTH1,2.9015288,3.578962843688262e-209,2
FCN1,5.6223645,2.0187568309541595e-208,2
S100A6,2.9722788,5.54306709777821e-203,2
LGALS1,4.451949,4.083827937788242e-199,2
LGALS2,6.550896,6.40311572413386e-195,2
S100A4,2.8142498,2.2707626877005426e-183,2
AIF1,4.695006,1.1005977693759657e-181,2
GSTP1,3.6902766,7.149886514316997e-177,2
LST1,4.6305223,7.149886514316997e-177,2
TYMP,4.305136,5.051344712861611e-174,2
OAZ1,2.0066116,5.9034534636883325e-173,2
CTSS,3.5657709,1.3614034257901534e-171,2
GPX1,3.8441353,3.27611254755971e-168,2
SAT1,3.2794144,1.4689249670364659e-158,2
S100A11,3.2538328,8.809565139904629e-154,2
COTL1,3.0045648,4.9536224197025574e-151,2
PSAP,3.2388775,5.134935422769242e-151,2
FCER1G,4.157236,1.4598533168714858e-149,2
CYBA,2.009425,3.4809585994536286e-143,2
NPC2,3.3705971,6.565239988804064e-141,2
CFD,4.554827,8.370780113692474e-132,2
GABARAP,2.7348752,8.271413462331352e-121,2
GRN,4.124953,5.113113423783539e-116,2
MS4A6A,5.5471635,1.2561480922546005e-108,2
RAC1,2.7457473,6.328447759494311e-106,2
AP1S2,3.504571,6.407791324406033e-106,2
TSPO,2.636,1.5387931853680785e-105,2
GAPDH,1.6681033,1.9042932436996403e-105,2
CD14,6.1872177,8.67551780245536e-105,2
PYCARD,2.9230063,1.0343369173726626e-100,2
CD68,3.9023662,2.0554453994268208e-97,2
LGALS3,3.7310417,8.243515051386863e-97,2
TKT,2.959277,8.459366548788483e-95,2
NEAT1,2.087585,8.849187931278075e-95,2
SERPINA1,3.5709229,5.073310991435082e-93,2
CEBPD,3.7920036,1.0288732590659105e-89,2
ARPC1B,1.6002929,4.3356176529426113e-79,2
CFP,3.6672919,1.2451116683002905e-78,2
IFI6,2.575604,2.440454413476169e-78,2
TALDO1,2.5958722,3.853137294149269e-78,2
HLA-DRA,2.8799021,8.207055055357056e-77,2
FCGRT,3.3295922,2.599292260597484e-74,2
SRGN,2.004406,5.6213125162569206e-73,2
SPI1,3.3175306,1.7473129759624165e-68,2
NCF2,3.8309908,1.4853766604871126e-67,2
BRI3,3.3709738,7.098733957285585e-66,2
CDA,4.2798414,3.646474752066076e-65,2
IFITM3,3.2591095,2.2632906417286716e-64,2
AP2S1,2.4265773,2.369328074164174e-64,2
ANXA2,2.1633873,2.141252912060135e-63,2
S100A10,1.7112124,3.404523414501925e-63,2
BLVRB,3.9208837,2.3646639576179124e-61,2
IFI30,3.6525426,1.2741343034514085e-59,2
C1orf162,2.2357588,5.267527566623329e-59,2
NUP214,4.096715,3.5067301374849794e-57,2
HLA-DRB1,2.3132699,4.6022959447659005e-55,2
CEBPB,2.3279738,2.0102144690822964e-53,2
ATP6V0B,2.2402906,1.5415709389890704e-49,2
PRELID1,1.839883,1.551355098159633e-49,2
TNFSF13B,3.5060813,7.016728448508822e-49,2
CSF3R,4.5884256,3.290540112204137e-48,2
RNF130,3.2175736,5.772207656114271e-48,2
RGS2,2.4685912,3.4002792264128893e-47,2
CTSB,2.9859416,4.937854587121567e-47,2
FKBP1A,1.7403917,4.798534290205953e-46,2
NFKBIA,1.9028882,7.302292913247608e-46,2
SLC7A7,3.6632712,1.8859220850980843e-43,2
CTSH,2.9957857,4.093350364072804e-42,2
TIMP1,2.0728955,7.099517395223272e-42,2
LAMTOR4,1.5575477,7.71975079657481e-42,2
ALDH2,4.3222036,9.080829750522566e-41,2
CAPG,2.495255,2.601834428471984e-40,2
ISG15,1.8284587,3.1443849843423277e-40,2
FPR1,4.250404,7.01652343200389e-38,2
FOSB,1.5597553,7.925986814607688e-38,2
LINC00936,2.2450044,3.2127012768885626e-37,2
MNDA,3.66967,7.874437036094202e-37,2
HLA-DRB5,1.9465066,9.567132970453304e-37,2
APOBEC3A,3.7605476,1.758992505816043e-36,2
LY86,2.5714784,2.1545221261320933e-34,2
C20orf24,1.9173872,1.0093830110119057e-33,2
HLA-DPA1,1.7494187,1.573097937359453e-33,2
IGSF6,3.952638,2.079692249259597e-33,2
FGR,2.3550186,2.2398576629876505e-33,2
SERPINB1,1.726378,2.508979610344362e-32,2
CTSD,2.186618,2.4351178386219315e-31,2
ASGR1,5.3938713,3.5681992275500993e-31,2
C10orf54,1.6420871,5.590157436209011e-31,2
CNPY3,1.9711759,6.975605624893639e-31,2
ATP6V1F,1.6352131,4.273260883953071e-30,2
LILRA5,3.3582804,1.846467959192801e-29,2
GLRX,1.6426024,2.2474256254308834e-29,2
BLVRA,2.5376875,2.3561703807964505e-29,2
STXBP2,2.1008368,3.8655434611580974e-29,2
ODF3B,3.3984604,5.671083866487983e-29,2
CPVL,3.5439897,8.543216078544141e-29,2
VCAN,3.9984355,9.551659486745931e-29,2
PGLS,1.7973675,1.5710591752160324e-28,2
AGTRAP,2.8123317,2.3756809262379165e-28,2
HLA-DMA,1.9022948,1.0928536313507942e-27,2
ASAH1,1.9916285,5.515101140906332e-27,2
HLA-DPB1,1.5325841,6.114535684744526e-27,2
SMCO4,3.6190314,6.528751722609157e-27,2
H2AFY,1.7920009,7.240340767883957e-26,2
STX11,2.8705797,3.278007926645864e-25,2
PLBD1,4.2339344,4.103754741285099e-25,2
APLP2,2.4431927,2.559035222240685e-24,2
PLAUR,3.1111968,3.0171793594974346e-24,2
AMICA1,1.8170701,4.534927615239393e-24,2
RBP7,5.4199,5.4888685366734875e-24,2
BST1,4.698687,1.1666726091339478e-23,2
HCK,2.5326185,2.0924507481173844e-23,2
CCL3,2.961967,2.4011751105166054e-23,2
KLF4,3.032493,2.0827201765009597e-22,2
CARD16,1.6640294,2.0837657994656854e-22,2
FOLR3,6.825552,3.146403773312542e-22,2
TGFBI,3.2650805,4.2965972918427785e-22,2
GSTO1,1.5693647,1.71116689989734e-20,2
CLTA,1.5971472,2.042626977186301e-20,2
CTSZ,2.9787474,2.1244241831103232e-20,2
ANXA5,1.5278808,3.224793871845771e-20,2
FAM26F,1.7665719,8.316563876155135e-20,2
FGL2,2.7212734,1.4321148564040383e-19,2
C4orf48,2.3267293,1.6779065000066451e-19,2
MSRB1,2.991975,2.9318812565787054e-19,2
RAB32,3.6666977,5.0670009470987845e-19,2
C19orf38,3.1661696,5.173389928260915e-19,2
MPEG1,3.0194979,8.670673763146894e-19,2
SCO2,2.5369976,1.1932625099128828e-18,2
EIF4EBP1,2.66555,1.3707700378421203e-18,2
S100A12,6.229512,1.7517063991511325e-18,2
GLIPR2,1.7604443,3.669203570285175e-18,2
PGD,2.7527437,6.048838348133033e-18,2
IFNGR2,2.2610106,6.0561425002162116e-18,2
IL8,4.108572,1.7729494138672917e-17,2
PILRA,2.5622773,2.468525391504087e-17,2
CD33,4.0361333,5.3095561443696864e-17,2
NCF1,2.0843575,6.683346886776787e-17,2
BID,1.762449,7.503774601343549e-17,2
LGALS9,1.9683199,1.6782358368546988e-16,2
GCA,2.3996022,7.790602153330303e-16,2
MAFB,3.1379597,8.098974909249083e-16,2
ARRB2,1.5626371,1.038858460673531e-15,2
TMEM176B,4.256341,1.6571634632543406e-15,2
GNAI2,1.6398954,1.817681506236656e-15,2
JUND,2.193807,2.7113315964711498e-15,2
TBXAS1,2.5157137,2.974073802939183e-15,2
EFHD2,1.7380068,4.817385951591153e-15,2
SLC11A1,3.1058807,4.912387313078627e-15,2
DYNLT1,1.7354156,3.16597503909593e-14,2
SAT2,1.9198601,4.091891014355509e-14,2
IL1B,3.4974627,7.047037968160075e-14,2
SOD2,1.7209657,7.141987343324091e-14,2
C5AR1,2.8688679,1.1305286932081163e-13,2
RNASE6,2.5338025,3.429947842488331e-13,2
CYBB,2.5674152,4.049403069233085e-13,2
FCGR2A,3.1803226,5.449930697747577e-13,2
BNIP3L,1.8565052,6.229258757591106e-13,2
CPPED1,2.620599,7.491655020061395e-13,2
RHOB,2.2724853,1.0653268502666626e-12,2
RP11-290F20.3,2.194683,1.9242353047945315e-12,2
FCGR1A,6.0547943,4.254885627697672e-12,2
VSTM1,4.060048,4.3262270942175214e-12,2
TNFAIP2,3.7881658,4.84456025676752e-12,2
ATP6V0D1,1.7223514,1.2123500241394829e-11,2
CD36,4.1350975,1.7399208450141406e-11,2
LRRC25,2.3841577,4.264254537785022e-11,2
QPCT,4.887691,4.5292141850421765e-11,2
MIR24-2,2.3294945,8.862943556646722e-11,2
POLE4,1.5502976,2.090920231884379e-10,2
SCPEP1,1.8873141,4.836065544804497e-10,2
HSBP1,1.6442528,4.916495284173168e-10,2
OAZ2,1.6768975,5.237886452714737e-10,2
C20orf27,1.9808546,7.44337370781676e-10,2
TMEM205,2.1266196,1.115046871462413e-09,2
COMT,1.6649426,2.6646376554979565e-09,2
SLC31A2,2.485514,2.9925678585581164e-09,2
DUSP6,2.408101,3.1978905097966583e-09,2
G0S2,3.1725018,6.576864998327893e-09,2
THEMIS2,2.055362,6.91133261327299e-09,2
CARS2,2.5837364,7.884411457543585e-09,2
ATOX1,1.9574332,8.475769538724677e-09,2
MS4A7,1.8013233,8.64903742302503e-09,2
PRAM1,3.0794494,8.871394772305934e-09,2
ID1,3.3178716,9.116238961105597e-09,2
NINJ1,1.6116626,1.0603938623386962e-08,2
CLEC7A,2.9994507,1.425982651336622e-08,2
GPBAR1,3.0885823,2.246695964725789e-08,2
CECR1,1.9985929,3.0710793684218e-08,2
GRINA,2.1910408,4.161076848527493e-08,2
CD302,3.0479074,4.9051816624623995e-08,2
WARS,1.7066784,7.665269707061914e-08,2
CD300E,3.1449986,7.67417993247456e-08,2
CREG1,2.7591698,1.3061982200076278e-07,2
CD4,1.9021308,1.6470889680619764e-07,2
LILRB2,2.0726354,1.87281389445261e-07,2
CSTA,4.22128,1.9311615576311446e-07,2
MTMR11,3.5950203,2.8536933507775735e-07,2
HNMT,3.8433444,3.177581425533596e-07,2
NAPRT1,1.8030381,3.3822807505977547e-07,2
GLUL,1.8090235,3.728505382525436e-07,2
NAGK,1.7833035,4.0228284484711047e-07,2
PTPRE,2.327553,4.1453681966003746e-07,2
OSCAR,3.3185842,5.850709143047097e-07,2
MARCO,4.5577164,1.398576172386493e-06,2
SULT1A1,2.9287856,1.407163191336824e-06,2
YBX3,1.8408424,1.5354385630897816e-06,2
RETN,4.1130176,2.103943824140624e-06,2
RAB31,3.4716442,2.23829863318891e-06,2
TNFRSF1B,1.5351357,2.2842763787645446e-06,2
ATF3,2.749482,7.546772902609915e-06,2
DHRS4L2,1.6340712,7.809885215625693e-06,2
CLEC4E,8.482036,8.233795697697129e-06,2
RASSF4,3.2956178,8.35739581202571e-06,2
CAPNS1,1.5499461,1.0135925921953812e-05,2
UBE2D1,1.7597293,1.3602449780586598e-05,2
NRG1,5.5994725,1.414306270205065e-05,2
LYST,1.5360904,1.5842204734763826e-05,2
ARHGEF40,2.9609005,1.8889978626652796e-05,2
NR4A1,1.6818507,2.3040744897236697e-05,2
CD1D,2.938326,2.514753443827947e-05,2
MIDN,1.6544712,3.365803161852434e-05,2
NUDT16,2.2510147,3.416479636084754e-05,2
HEBP1,2.4001095,4.0225233928267445e-05,2
FES,3.240633,4.091394631485534e-05,2
SCIMP,2.0279756,4.4829165520086455e-05,2
FUOM,2.217767,8.419927497561205e-05,2
CRTAP,2.0202017,9.53797063270409e-05,2
MGST1,5.439933,0.00011353342704696945,2
RAB24,1.7618866,0.0001293284122410045,2
CDKN1A,2.1673245,0.00014243236293717723,2
CLEC12A,3.602809,0.00014432782870442534,2
FBP1,2.3923676,0.00015850317927608738,2
SLC43A2,3.3429341,0.00018391002973249294,2
CATSPER1,3.80681,0.00018604419912410027,2
SYK,1.9835869,0.00019933051611273353,2
CD300LF,2.4891808,0.0004245276484359943,2
LILRB4,2.7277312,0.0004638957835512491,2
UBXN11,1.8707969,0.0004768075044021864,2
ZNF467,3.662937,0.0005625721938705264,2
PYGL,3.2495828,0.0006985095826159801,2
ITGAM,2.8488584,0.0007506592464892477,2
APOBEC3B,3.544917,0.0007945409147109589,2
TSEN34,1.555304,0.0008762128287943187,2
MSRB2,2.2901883,0.0010221476977487376,2
CD86,2.408312,0.001075514558016629,2
ALOX5,1.6743902,0.0013449071663264856,2
LILRB3,2.9353063,0.0013891051450397724,2
PID1,4.122043,0.0016372191452142014,2
IL17RA,2.5587173,0.0016953883828414863,2
CSF1R,1.8768574,0.0017819863929622623,2
RXRA,2.3409092,0.0018564095445060852,2
HMOX1,1.8120127,0.0020933560335078577,2
C19orf59,6.9506392,0.0024207427882874887,2
RAB34,2.7786736,0.0025582348371411094,2
PLIN3,2.1523728,0.0027023097246114203,2
SLC16A3,1.8838869,0.0029978958738121255,2
RNASE2,5.2730885,0.0030632031577359593,2
VMA21,1.5901952,0.003116710403266402,2
CLEC4A,3.4962096,0.003147803135320086,2
LACTB,1.7311516,0.003659630295777404,2
CAMK1,2.1245112,0.003828203349711912,2
NCF4,2.0232916,0.0038355446917934647,2
ENTPD1,2.6334147,0.004321744011394297,2
PDXK,2.0244458,0.004535353191907445,2
CSF2RA,3.4884505,0.004931416695833595,2
AGPAT2,1.6980166,0.005570742608907388,2
LRP1,3.080669,0.0056445629411431405,2
MBOAT7,2.1965961,0.005932293671855099,2
TMEM176A,4.148027,0.006211930276956139,2
ZNF385A,2.4423618,0.006481736084542509,2
HOTAIRM1,1.9055407,0.006487475699508375,2
PLEKHO1,1.6026671,0.006876741861013702,2
FAM45A,1.6207236,0.007113348305987483,2
GAS7,2.9591453,0.007798321206921877,2
TREM1,3.5987465,0.008086682570716913,2
C15orf39,2.2309833,0.008370671482272702,2
NBPF10,1.7161372,0.009512120085493054,2
SMARCD3,4.3037095,0.009807833314266039,2
LILRA3,1.9590753,0.010302227297735923,2
MPP1,1.6516789,0.011470701406835485,2
FCGR1B,4.863096,0.012063555308469961,2
IMPDH1,1.5082313,0.013720749037395372,2
MYO9B,1.7454798,0.015524866739384895,2
NFE2,3.4645264,0.015640950747500333,2
CD83,1.6350824,0.017183026179896952,2
KYNU,2.1753936,0.017617576090178538,2
SGK1,2.5309508,0.019000545540454616,2
RAB11FIP1,1.6790173,0.02071212438447295,2
LTB4R,2.5784876,0.020935129384954624,2
LILRA2,2.4716127,0.020973784648204055,2
PTAFR,3.4297736,0.02114120458696329,2
NDUFV3,1.5426122,0.02152472821368013,2
SIRPA,4.9644914,0.021992541939664906,2
KCNE3,3.808458,0.023106658912413296,2
KIAA0930,2.535722,0.024891342197052926,2
NLRP3,3.30074,0.025505654183037817,2
CD300C,2.26984,0.02799011873802408,2
UBE2R2,1.5374388,0.02937649338373029,2
NRGN,2.4483771,0.032516701536648596,2
DENND6B,2.4581764,0.03302528071176664,2
GSN,1.8382038,0.03489314825025635,2
TTYH3,3.0417476,0.03625140136598517,2
PPIF,2.3164594,0.038671079541146895,2
FHL3,2.1699293,0.04201392260625847,2
MPST,1.7173145,0.04803864852305832,2
ASGR2,4.9182568,0.04985669417966655,2
NKG7,7.084393,4.430184604757463e-222,3
CST7,6.16691,5.285445111072486e-166,3
GZMA,6.04209,7.343215571455346e-164,3
CTSW,4.5267096,3.5806391227140557e-152,3
CCL5,5.343443,7.834045172557137e-152,3
PRF1,5.6453953,5.610523324148303e-99,3
GZMM,3.4670858,1.959288919315762e-81,3
PTPRCAP,1.924479,2.187066525274518e-70,3
HCST,1.9542242,1.1474981102616455e-62,3
GZMB,5.9961414,9.50057457637674e-62,3
FGFBP2,6.101939,7.935986305222424e-58,3
GZMH,6.501623,6.638001689565618e-57,3
GNLY,5.086169,1.2980517958058252e-54,3
CD99,1.8262842,1.74206989893151e-52,3
IL32,1.990715,1.2006378482348616e-51,3
CD247,2.7024922,1.299665638733413e-47,3
HOPX,3.7573888,4.289530806491249e-46,3
RARRES3,1.7793086,1.4660847253062933e-44,3
CCL4,4.6760626,2.2308209778552745e-42,3
LYAR,2.8945239,3.396539843469969e-37,3
APOBEC3G,2.5886385,2.012668113116464e-35,3
GZMK,4.0666265,9.01732011015677e-35,3
ID2,1.8212453,2.899084483619214e-32,3
CTSC,2.0471208,2.5168517217103572e-30,3
CD7,1.7740401,4.427171661056598e-29,3
KLRG1,3.4815905,1.641021196061044e-28,3
APMAP,3.3613708,2.401126021736416e-28,3
C12orf75,2.9628627,1.3940964407995213e-26,3
SPON2,4.889936,1.2391473240417893e-25,3
RAP1B,1.5329491,4.170511143344427e-25,3
FCGR3A,2.4338248,8.304356781799434e-25,3
TPST2,2.675903,1.2110109364353311e-22,3
SAMD3,3.078508,9.11023787826128e-22,3
NCR3,3.632969,1.3547793450616778e-21,3
CD8A,3.022322,3.0752041964303813e-21,3
KLRD1,5.6130543,1.2697950031390815e-20,3
LITAF,1.5830821,1.969497322192773e-20,3
MATK,4.308967,1.0624527198607645e-19,3
ARPC5L,2.1527345,6.212947753034581e-19,3
XCL2,6.0250015,4.291462527304007e-17,3
MYO1F,1.7043511,2.8490619063606853e-16,3
CHST12,2.7003725,4.178057174435327e-16,3
CLIC3,4.6328344,1.6458569946984814e-15,3
ZAP70,2.2770402,4.309335918090835e-15,3
PLEK,2.0436563,3.433996337286765e-14,3
S1PR5,5.561998,5.169263196173788e-13,3
ARL4C,1.6450487,3.2431259072817442e-12,3
IL2RB,3.4948943,1.0948067623334485e-10,3
TTC38,4.7509065,2.494416236893259e-10,3
TIGIT,3.0311692,2.407526586290281e-09,3
PRSS23,5.593582,1.3962219385747842e-08,3
SLC9A3R1,1.6407307,3.167193355306555e-08,3
AKR1C3,5.359828,3.256087913445857e-08,3
PLEKHF1,3.8600516,6.044567411156148e-08,3
PTGDR,3.9904268,1.0979026755036225e-07,3
SH2D1A,2.1451907,2.4708432017815667e-07,3
XCL1,6.3229737,3.055820300592699e-07,3
GPR56,5.532782,3.2840895800138886e-07,3
FCRL6,5.251811,3.7670885195265293e-07,3
C1orf21,5.667595,6.26315390317254e-07,3
SH2D2A,2.984091,7.778071669845549e-07,3
TBX21,3.845509,9.854050613860767e-07,3
C5orf56,1.7722222,3.285582812507025e-06,3
KLRB1,3.0664442,5.630513528533631e-06,3
CD160,5.867671,9.179747793433366e-06,3
PRKCH,1.6244191,1.0700822014245718e-05,3
CD8B,1.5873967,2.966268643855701e-05,3
CMC1,1.9502603,4.881560377248317e-05,3
CD300A,1.7127358,4.9793433382472286e-05,3
PTPN4,2.1174605,5.757574502262177e-05,3
IGFBP7,2.5517433,8.116672552875887e-05,3
ABHD17A,2.51037,8.523696975117346e-05,3
STOM,1.9323748,0.0004176228957986859,3
ASCL2,2.4809675,0.0005530414076374979,3
TSEN54,2.169059,0.0006636313071899762,3
CX3CR1,2.015262,0.000860147326624979,3
MIB2,2.2262416,0.0011220159559024673,3
RUNX3,1.8258106,0.0017492415178329383,3
LAG3,3.7207327,0.0018277263439497684,3
SYNE2,1.8635124,0.0028914156514569032,3
RAB7L1,1.7560153,0.002954521395832,3
IFNG,4.8450913,0.003298193728550015,3
PRR5,2.3408773,0.003347439397599408,3
PLA2G16,2.9316218,0.0034821920403469097,3
RASSF1,1.6088208,0.005423036464412294,3
ADRB2,3.0649908,0.0073536921140001064,3
DNAJC1,1.5621428,0.009585157109469871,3
AC092580.4,2.3458467,0.009732741145805019,3
KLRF1,4.748498,0.009864835519736404,3
SH2D1B,4.526658,0.014551615973017969,3
GBP5,1.6853615,0.015281763569966142,3
CD320,1.7969817,0.03356305360011514,3
IL12RB1,1.575367,0.03449641503714259,3
PILRB,1.9586836,0.03639883877967968,3
PYHIN1,1.8712512,0.037607161107763215,3
EOMES,3.730389,0.039656428893969156,3
HAVCR2,2.5882907,0.046468932658385566,3
LST1,5.1554446,3.470395518391889e-82,4
FCER1G,4.8017087,1.2823575315641983e-78,4
FCGR3A,5.679706,9.330766657926103e-78,4
AIF1,4.8376865,6.1961127851821046e-77,4
COTL1,3.636109,5.022220141345682e-76,4
IFITM2,2.973782,1.8006222373498814e-72,4
IFITM3,4.810438,2.756216815010037e-70,4
FTH1,2.9330344,2.756216815010037e-70,4
SAT1,3.5865939,9.357829827068081e-68,4
SERPINA1,4.2151513,1.1061475686389281e-63,4
S100A11,3.3732102,5.683673142651319e-63,4
CTSS,3.5204425,1.2698831629114435e-62,4
PSAP,3.3653448,2.0087379488656907e-62,4
FTL,3.1301816,5.342151942579899e-62,4
RP11-290F20.3,5.1485667,2.0284437655647843e-60,4
OAZ1,2.0092752,3.172867029378527e-59,4
CD68,4.0153375,7.293585864580124e-58,4
RHOC,4.200791,1.5666850863916913e-54,4
CFD,3.9850943,2.2512640822865944e-54,4
TIMP1,3.6364696,3.183726561407585e-54,4
S100A4,2.5583336,7.176985809234524e-54,4
MS4A7,5.140178,7.899457951702368e-54,4
SPI1,3.9543602,8.142244713033121e-54,4
CEBPB,3.4885366,1.0593032625230398e-53,4
CST3,4.498515,4.2332721467383784e-52,4
TYROBP,4.2306128,1.1792375870408488e-49,4
NPC2,3.0548427,1.2755302588527774e-49,4
STXBP2,3.5742834,1.881658275328992e-48,4
ARPC3,1.8285812,6.707939657272692e-48,4
TYMP,3.3447495,1.0898082588591035e-47,4
LGALS1,3.4872403,3.415638446313736e-46,4
IFI30,3.9190078,4.052217344082621e-46,4
HCK,4.024149,4.972659314036493e-46,4
YBX1,1.7038909,9.274875851490154e-46,4
S100A6,2.3090007,2.981395614954983e-44,4
BID,3.4416769,3.2203658752986865e-42,4
PILRA,4.274626,5.160612461202528e-41,4
NEAT1,2.2230463,2.365758733733045e-40,4
CFP,3.262878,1.627459554068788e-38,4
LY6E,2.0569155,5.345802570447782e-38,4
HLA-DPA1,2.895196,5.075356385244954e-37,4
MYL6,1.52979,3.0447437617282685e-36,4
ABI3,3.3812444,5.673684053787692e-36,4
LRRC25,4.2762194,1.4140305983682267e-35,4
PYCARD,2.6466503,1.752473615964577e-35,4
TKT,2.6724176,1.8416315015761853e-35,4
FKBP1A,2.2858362,1.989029714331918e-34,4
BRI3,3.0919213,2.514064241942917e-34,4
FAM26F,3.052609,2.773436982647078e-34,4
FGR,3.0089254,4.1275281365387055e-34,4
SRGN,2.187688,5.2888313989960945e-33,4
RHOG,2.3667414,5.3747904640253695e-33,4
PRELID1,2.2990615,1.0276107159996346e-32,4
ARPC2,1.5413731,1.7537122984597776e-32,4
CYBA,1.6406721,5.926777528563756e-32,4
ARPC1B,1.6925677,7.269821236506347e-32,4
VASP,2.669081,1.4876914911751786e-31,4
ANXA2,2.346646,2.0809325902869073e-31,4
GABARAP,2.2366881,2.129333977261532e-31,4
ANXA5,2.6066892,4.650826296931871e-31,4
LYN,3.3043885,1.8230134565537757e-30,4
LILRA5,3.629214,1.57414659156844e-29,4
CALM2,2.0180364,1.992850181420391e-29,4
CSTB,2.3962984,6.318035986482278e-29,4
CARD16,2.5390894,6.967536158982765e-29,4
WARS,3.4584677,1.6250199398912551e-28,4
HES4,5.3902087,3.2647987071764283e-28,4
LILRB2,3.8876145,3.9967252336889144e-28,4
HLA-DRB1,2.6403549,4.441281309145737e-28,4
C10orf54,2.2977152,5.112321877611598e-28,4
DRAP1,2.09322,6.862146525557215e-28,4
LILRA3,4.8198557,2.1452512224888584e-26,4
ISG15,2.1869502,2.4766272912968936e-26,4
RGS2,2.5031292,4.581130912882451e-26,4
TPI1,1.9527302,6.707619043653915e-26,4
LYZ,2.1910317,1.2800532999969534e-25,4
RNASET2,1.9283886,2.069142050442738e-25,4
CASP1,2.4794078,2.598959325179546e-25,4
ASAH1,2.6701782,4.241259603401383e-25,4
NINJ1,3.0057948,4.483719514543008e-24,4
CTSC,2.4543538,9.069588924347517e-24,4
HLA-DRB5,2.3191025,1.0192396673907874e-23,4
EMP3,1.532851,1.2255515925412138e-23,4
HMOX1,4.502986,2.173332684663963e-23,4
SLC7A7,3.1010273,2.2343605303948417e-23,4
C5AR1,3.496316,3.486022564974457e-23,4
PTPN6,2.3034043,4.269478411604204e-23,4
CDKN1C,5.855679,9.510080044149613e-23,4
FGL2,3.0951726,1.0182149659765227e-22,4
CDA,2.8865476,1.0629219161418834e-22,4
FCN1,2.7355618,1.760592395991529e-22,4
C1orf162,2.0602288,2.1593422614449096e-22,4
HN1,2.4258273,2.9278008701385293e-22,4
NAAA,2.6685126,3.657842570619635e-22,4
TNFSF10,2.5618498,3.826963632967823e-22,4
MT2A,2.3103385,3.826963632967823e-22,4
AP2S1,2.102905,4.0817751289326295e-22,4
HSBP1,2.9157593,4.296473135004901e-22,4
ARRB2,2.3308306,8.357940013342246e-22,4
MAFB,3.352201,8.357940013342246e-22,4
NAP1L1,1.6669893,1.2042706337279927e-21,4
CSF1R,4.158996,1.2042706337279927e-21,4
TNFRSF1B,2.839758,1.306359424345904e-21,4
C19orf38,3.3382864,1.3706699624104092e-21,4
PGLS,2.1784027,7.073353285211466e-21,4
ATP6V0B,2.0120032,1.2077934282921837e-20,4
APOBEC3A,3.1571844,2.1136210972873613e-20,4
S100A9,1.9450524,4.2261245127370985e-20,4
HLA-DRA,2.4151483,4.455762306232177e-20,4
BLVRA,2.5369174,4.607651149696785e-20,4
LILRB1,4.257681,6.317266906956088e-20,4
LGALS3,2.3411133,1.1426331995631295e-19,4
TESC,3.744872,1.9730119740576235e-19,4
BLOC1S1,2.0750928,2.3080455671585864e-19,4
CTSL,4.4919314,6.428059166504195e-19,4
SLC31A2,3.4822276,7.417039420240611e-19,4
RHOA,1.588502,1.5226097865618066e-18,4
GNG5,2.031096,1.7276596158185382e-18,4
RBX1,1.9944026,3.471754921039919e-18,4
SH3BGRL,1.7997547,4.0554434375209725e-18,4
SOD2,2.4342134,4.886755119884334e-18,4
CHCHD10,2.2043495,5.224811073126068e-18,4
OAS1,2.410474,6.114074752575215e-18,4
RGS19,2.0767791,7.33555029521355e-18,4
UNC119,3.0820544,8.67555926398797e-18,4
RAC1,1.7684554,8.944136909423544e-18,4
AP1S2,1.9538552,1.2246711739556307e-17,4
HLA-DPB1,1.9704524,1.3704257997564516e-17,4
PLAUR,2.806193,1.568970681454359e-17,4
SIGLEC10,4.2762055,1.661505379174127e-17,4
NCF2,2.4254456,1.816335914213431e-17,4
TSPO,1.7243109,2.4708947567924357e-17,4
ITGB2,1.7070403,3.6287206993264484e-17,4
LYST,2.7783942,1.7092380676757278e-16,4
FCGRT,1.9992408,1.9835459029842926e-16,4
POU2F2,2.4829128,2.962833201010651e-16,4
RHOB,2.6939213,3.0181097447508095e-16,4
RNH1,1.9425488,3.595682110195538e-16,4
STX11,2.6614635,5.883486084491489e-16,4
MAPKAPK3,2.7830455,9.489832581010573e-16,4
CPPED1,2.951717,1.2534032602029785e-15,4
RNF130,2.2239592,1.383508006760403e-15,4
TBXAS1,2.8733807,1.6256886475896336e-15,4
ATG3,2.1060278,1.7881120174869276e-15,4
CTSB,2.1058712,4.94551360422553e-15,4
ATP1B3,2.3697205,4.946356027538661e-15,4
H3F3A,1.7043793,5.633588653350692e-15,4
PGK1,1.5749737,8.509247005778928e-15,4
ADA,2.8506591,1.2347648334073117e-14,4
TNFSF13B,2.2905993,2.2972918992967444e-14,4
FAM110A,3.5070345,3.1807907985664564e-14,4
TUBA1B,1.6362613,4.022645847589619e-14,4
FCGR2A,3.0526483,4.304335183875058e-14,4
LYL1,2.6223676,4.925237563324648e-14,4
LGALS9,2.282265,6.797276910461777e-14,4
COX5B,1.500771,8.32304354913118e-14,4
OAZ2,2.3037117,8.768695655704186e-14,4
SPN,2.379865,1.4878353969964715e-13,4
POLD4,1.6797929,1.9503908762242853e-13,4
IFI6,1.6027415,1.9769301181859511e-13,4
MSN,1.7567801,1.9769301181859511e-13,4
IFNGR2,2.205641,4.714000014221259e-13,4
ADRBK1,2.8123426,5.31885647536974e-13,4
H2AFZ,1.5165635,7.135391575820561e-13,4
MS4A4A,5.2892222,9.252388114890188e-13,4
CKB,6.2580366,9.278847061986964e-13,4
GSTO1,1.7460824,1.0966650403384488e-12,4
CAMK1,3.7059865,1.3009925723289229e-12,4
CXCL16,4.1196427,1.8837001952123257e-12,4
PSMB3,1.5525562,1.983869887386648e-12,4
VMP1,2.441893,2.7618562152097697e-12,4
SLC11A1,2.8922644,2.88039438798319e-12,4
SUPT4H1,1.7005031,4.637866165106529e-12,4
KLF4,2.4519255,1.0339473081783387e-11,4
GLRX,1.5318549,1.041926958847583e-11,4
TCIRG1,2.6857393,1.81790762763371e-11,4
LRRFIP1,1.5454513,2.029833190829974e-11,4
RAB8A,1.8521124,2.7731144555224273e-11,4
PTP4A2,1.7379181,2.8612369535834123e-11,4
CYBB,2.5284278,3.0648689194628675e-11,4
TPPP3,4.3205442,4.032769459191208e-11,4
AP2A1,3.1342027,5.193929008583504e-11,4
MYO1G,1.811666,9.71464935555741e-11,4
CD300LF,3.3999953,1.3405956162805373e-10,4
SEC11A,1.5408728,1.3562755508471195e-10,4
MPEG1,2.3915727,1.5647670079321595e-10,4
DOK2,1.6914027,1.9641635534723512e-10,4
ZNF706,1.5664551,2.5284963126984396e-10,4
LINC00936,1.614019,3.3033503456319624e-10,4
GNB2,1.5981123,8.315942272555791e-10,4
SYNGR2,2.1200354,8.315942272555791e-10,4
CUX1,3.1867347,8.816251910298583e-10,4
NFKBIZ,2.2070484,9.477689396334773e-10,4
GNAI2,1.6778309,1.0487679368744445e-09,4
ZFAND5,1.9444618,1.0609307486277984e-09,4
UNC93B1,2.7221427,1.1769046937535787e-09,4
C20orf27,2.2401648,1.408530258169406e-09,4
CAPZA2,1.6840283,1.6614895842265453e-09,4
GPBAR1,3.2012074,1.6818433494684331e-09,4
DUSP6,2.5930614,1.7776391030131243e-09,4
THEMIS2,2.276962,2.357790852693914e-09,4
H2AFY,1.5471928,3.236849091784417e-09,4
NAMPT,2.635327,3.37710105710889e-09,4
RNF149,2.0136666,3.824958627807723e-09,4
ATP6V0D1,1.8326089,3.8406785505682346e-09,4
FAM49A,3.5032935,8.532682119929887e-09,4
CPVL,2.1648285,8.7397160359223e-09,4
PCGF5,2.1429741,9.55978267324323e-09,4
SLC16A3,2.9090073,1.2423435006031185e-08,4
PTP4A3,3.6494772,1.2499179024719127e-08,4
TGFBI,2.3046813,1.4772665220753591e-08,4
NOP10,1.5292652,1.6359271171116734e-08,4
COX17,1.6279951,1.915575801769638e-08,4
CD300A,2.0657644,1.9225418160957677e-08,4
CD300E,3.0664017,2.030055417723642e-08,4
AGTRAP,1.8253527,2.6024124132889224e-08,4
BTK,2.5941265,3.4785839793310024e-08,4
CTD-2006K23.1,4.713351,3.7207670260360966e-08,4
ZYX,1.8828745,4.297044127482483e-08,4
POLE4,1.656283,4.666806110295063e-08,4
CSK,1.5849243,6.350963316501279e-08,4
MYD88,1.9913585,6.675245867673357e-08,4
INSIG1,2.863871,6.86575226577073e-08,4
RAB10,1.8710413,7.986735233496924e-08,4
CD55,1.6800294,8.15143236699012e-08,4
RXRA,3.2526615,9.029528492579568e-08,4
BATF3,5.0210013,1.1594270652980054e-07,4
SELPLG,1.6707013,1.1990888650515137e-07,4
CLEC7A,2.8683887,1.2416967711838254e-07,4
SMCO4,2.215552,1.535210906895533e-07,4
ENY2,1.6722699,1.6365399736791777e-07,4
DYNLT1,1.586131,1.837092020099863e-07,4
MNDA,1.9406798,2.416573386009562e-07,4
EMR2,3.9428363,2.4257836063279055e-07,4
TCF7L2,4.2800026,2.6901786562636937e-07,4
MAP2K3,1.8084105,2.8704100777015804e-07,4
MARCKSL1,1.6401546,3.392729044994819e-07,4
EIF4E2,1.8269778,3.706610803690206e-07,4
CAPNS1,1.8971021,4.1984799552981765e-07,4
CCT5,1.640148,4.234312738199778e-07,4
EFHD2,1.5709343,4.262384094477431e-07,4
CMTM6,1.6767443,4.330101611450396e-07,4
CD300C,3.2793896,4.784717361613243e-07,4
NAGK,1.9665241,6.102052197824157e-07,4
VAMP5,1.5148083,6.752853900366042e-07,4
RNF13,2.0144584,6.839768426670024e-07,4
PLEK,1.5448505,7.00176397659489e-07,4
CHMP4B,1.6608021,7.803624588336497e-07,4
SCIMP,2.526822,1.1618201751106734e-06,4
C4orf48,1.6640228,1.2927719370319061e-06,4
CTSZ,2.0581083,1.2960679597342707e-06,4
LSM6,1.711767,1.2960679597342707e-06,4
NANS,1.9558682,1.3068614681025892e-06,4
IFI35,1.5218047,1.3209642480786786e-06,4
PRAM1,2.614334,1.5230691443839215e-06,4
EPSTI1,1.591492,1.7346514747276687e-06,4
MTSS1,2.3378448,1.7622361768608595e-06,4
CAT,1.8186326,1.8574956905640397e-06,4
IRF7,1.5988473,2.1490220380882848e-06,4
VPS29,1.5378449,2.2099816076897236e-06,4
LYSMD2,1.5013771,2.496512148897242e-06,4
IGSF6,2.0261858,2.5420874470932673e-06,4
ITGAL,2.0206196,2.543101369917283e-06,4
COMMD9,1.8755418,2.5665066613241297e-06,4
SMS,1.5925648,2.619348563776141e-06,4
GRINA,2.095302,2.744507033698394e-06,4
NAPRT1,1.8743834,3.075382453970247e-06,4
SH3BP1,2.0913732,3.2914632916338382e-06,4
SLC2A6,3.2215626,3.913900300416313e-06,4
WSB1,1.531902,4.363791280835317e-06,4
ODF3B,1.8269624,4.566859544659941e-06,4
CD86,3.0298147,4.661885257695417e-06,4
SCPEP1,1.771592,4.8175206050433335e-06,4
RAB24,2.1718748,4.857730633836982e-06,4
MPP1,2.5454433,5.485446985070449e-06,4
ACAA1,1.8012801,8.426602785649866e-06,4
NUDT16,2.3273842,1.0884177041967759e-05,4
IDH2,1.5420002,1.5074340160268603e-05,4
MPC1,1.5935467,1.575828138389738e-05,4
IMPDH1,2.1638432,1.6330080602087855e-05,4
EIF4EBP1,1.8071,1.9922425620354428e-05,4
TMEM179B,1.5161846,2.0895597591996994e-05,4
GLUL,1.7614243,2.113730671132422e-05,4
RELT,3.0816066,2.179237644031607e-05,4
ARRB1,3.1480222,2.3790711925108916e-05,4
LILRA2,3.0945127,2.5070792474346005e-05,4
SEC14L1,2.727856,2.5822710112299462e-05,4
RNPEP,2.0970685,3.0145417791701205e-05,4
SNAP29,2.1061375,3.326286088242838e-05,4
MMP24-AS1,1.7063763,3.35229394734019e-05,4
RAB32,2.0394723,3.558052315697352e-05,4
CNIH4,2.2832108,3.595525958154746e-05,4
FPR1,1.9205775,3.720897205998828e-05,4
PAK1,2.7282274,3.746562043741401e-05,4
ARHGEF40,2.8480105,3.746562043741401e-05,4
DPEP2,2.1544023,4.7946656186437684e-05,4
UBE2F,1.552153,5.035992228167515e-05,4
LILRB4,2.807034,5.953122436150779e-05,4
ANXA4,1.9894875,6.094770712850676e-05,4
OSCAR,2.8256986,7.863300859873189e-05,4
RIN3,1.8856553,8.47042329209763e-05,4
NAGA,2.8627784,8.556732911162248e-05,4
NCKAP1L,1.8263682,9.869869731808923e-05,4
SH3GLB1,1.555626,0.00010060638038426135,4
G0S2,2.616557,0.00011863769464218021,4
SCO2,1.6148603,0.000122476415205392,4
SNX5,1.8078877,0.0001272473169539877,4
RNF135,2.619489,0.00014874132933212958,4
LINC00877,3.3834355,0.00014915228020826352,4
CBR1,1.6137507,0.00016127739772054295,4
IFIT3,1.7446265,0.00017657157791845673,4
MBD2,3.5747793,0.00018186105030303315,4
IFIT1,2.0019727,0.00023772826052155952,4
CECR1,1.6636158,0.00026183883029670934,4
PIK3AP1,2.6636202,0.0002656921753164006,4
LILRA1,3.0695527,0.0002694569192428364,4
RALB,1.9429533,0.0002832572106948306,4
FAM46A,2.272201,0.0002981699030352061,4
AGPAT2,2.0800152,0.00030156357645315775,4
HOTAIRM1,2.4292052,0.00034405640061508275,4
ARRDC1,1.6761254,0.0003457430273500797,4
TREX1,1.5384262,0.0003775041422067511,4
SNX10,1.7887025,0.00038926177421452356,4
C11orf21,2.1813498,0.00042665765896592267,4
RP11-362F19.1,3.793033,0.00045149348817933715,4
CDH23,4.0164084,0.0005504663869284396,4
CX3CR1,1.9592488,0.0005600313369854896,4
ATOX1,1.5367739,0.0006397195713211322,4
SULT1A1,2.3151364,0.0006487437984833253,4
PFKL,1.6215916,0.0007124606915834782,4
MTHFD2,2.0991833,0.000775542072057666,4
UBE2J1,1.6296537,0.0008541333138956379,4
UTRN,1.8947918,0.0008987068747267746,4
GCH1,2.0558877,0.0010755374551339337,4
VSTM1,2.2223966,0.001093810597078307,4
ZNF385A,2.5133405,0.0011701917885067767,4
PKN1,1.5427736,0.0012304743469160387,4
EPN1,2.39625,0.001249798410922319,4
CD83,1.980096,0.0013172884065755705,4
AMPD2,2.3554726,0.0013443078652019774,4
LACTB,1.9602809,0.0014256882413278308,4
ALOX5,1.7518171,0.0015095916882548101,4
VMA21,1.765022,0.0016400475459629985,4
ATP2B1,1.6390817,0.0016722194801248918,4
RABGAP1L,1.7186117,0.0017530596055661488,4
MLX,1.5356413,0.001991699638089252,4
CD302,2.2629464,0.0020221351228383744,4
KYNU,2.4915726,0.0020326042561492957,4
PLXNB2,2.8659124,0.0020463036435022946,4
IL10RB,1.5473514,0.002132337357130666,4
PPM1N,3.696559,0.002132337357130666,4
CKS1B,1.9856118,0.00253746565143186,4
ARHGAP27,2.2868013,0.0025950761671591034,4
PLEKHO1,1.816996,0.0026071870530198753,4
HHEX,1.8328248,0.002957217455278535,4
FAM45A,1.7678291,0.003166072089711428,4
KLF3,1.5337951,0.0035316007080448937,4
NADK,2.4933398,0.004437063825883316,4
ALDH3B1,3.3078341,0.004561834451829092,4
ZNF703,3.2995687,0.0047567958007509485,4
SH3BP2,1.8193476,0.0051534072554837084,4
SIRPB1,2.7853768,0.005517125787820481,4
NUDT3,1.6842542,0.0060410906536429625,4
LFNG,2.4710908,0.006432624933562692,4
UBE2R2,1.9244843,0.007343108983141797,4
VMO1,7.7593045,0.007409723262190828,4
MIDN,1.5025322,0.007939856170712724,4
CALHM2,1.9469084,0.007984173850716099,4
TAX1BP3,1.7825595,0.008202807541402781,4
ACO2,1.5417792,0.008225178206619077,4
SECTM1,3.5200787,0.008708606594782592,4
MTMR11,2.3285756,0.009085988729554219,4
PRADC1,2.435156,0.009139959320287211,4
GNS,2.483186,0.009787711772522922,4
CEBPA,2.9022415,0.009861275630315296,4
RP3-395M20.12,1.9589008,0.010118248311420894,4
ARAP1,2.2679555,0.010379351549659143,4
RAB31,2.2132134,0.01051327533784899,4
GUSB,1.8029999,0.011216092679547953,4
TNFRSF1A,1.5359913,0.012023970420764396,4
P2RX1,3.4032207,0.013133204013270828,4
DNASE2,1.5608929,0.013314198915493985,4
C1QA,5.947844,0.014288654215887608,4
COQ2,2.6189032,0.014720046190309404,4
VAMP3,1.7197006,0.015195121912299839,4
NBPF10,1.6348361,0.015904023221448668,4
MICAL1,1.9823327,0.0159599829362562,4
SMPDL3A,4.9391103,0.016145798074091437,4
RP11-1398P2.1,2.5421169,0.017267230611426897,4
MRPL53,1.5307114,0.019552023442652593,4
DDAH2,1.7342196,0.019552023442652593,4
KDM1B,3.015883,0.0202170200036802,4
ITPK1,2.6051197,0.020553374477548073,4
LILRB3,2.4695756,0.021894749386640752,4
ICAM4,5.401751,0.02227452540456988,4
NEURL1,4.0320544,0.022714244873882343,4
PPP2R3C,1.5807753,0.023071230707133596,4
NIPSNAP3A,1.8174431,0.023933592433539683,4
FAM89B,1.504103,0.024796389417028827,4
SNX18,2.7481377,0.025516056076444162,4
TMEM176B,1.848271,0.027451856038946502,4
CHST2,2.6610408,0.027939558740835663,4
SLC39A1,1.7484132,0.02913890208474177,4
BCL2A1,2.3606865,0.030924311449476997,4
MYO9B,1.6366175,0.03181033637198094,4
TMPO,1.6765114,0.03289118634223579,4
PLXNC1,3.8486598,0.03290150936219167,4
PRKCD,1.9238048,0.034195584918010904,4
MSRA,1.858907,0.035269289462756814,4
EMR1,3.6464853,0.03848330486098334,4
ADAP2,2.520626,0.04026132458724106,4
CDKN1A,1.703911,0.04229804716623403,4
PLAGL2,3.4026217,0.042684118576020655,4
MAP3K8,1.767798,0.04317191601540018,4
ITGAX,2.816724,0.04521517508863824,4
TNNI2,3.389572,0.04739876796329414,4
HK3,2.813159,0.04846112302803271,4
PDXK,1.6698452,0.04885673552698682,4
HLA-DPB1,4.424712,4.599057052862825e-17,5
HLA-DPA1,4.203842,6.740572660413554e-17,5
HLA-DRA,4.584848,3.6520065395072544e-16,5
HLA-DRB1,4.1887937,6.683065920382139e-16,5
CD74,3.6352034,6.683065920382139e-16,5
HLA-DQA1,4.785957,6.869733722125843e-16,5
CST3,4.899623,8.355077559377251e-16,5
FCER1A,8.84463,4.839604309522071e-15,5
HLA-DRB5,3.882762,1.8721977490067596e-14,5
HLA-DMA,3.513116,9.803286180773197e-13,5
HLA-DQB1,4.0607057,1.2893364553744053e-12,5
HLA-DQA2,4.195329,9.72698125385575e-11,5
LYZ,4.294396,1.9647883204062917e-10,5
GRN,3.1013327,6.896145311030967e-10,5
VIM,2.0409875,1.2079776639635514e-09,5
GPX1,2.817279,1.586349247403263e-09,5
LSP1,2.1186461,2.488596816203278e-09,5
CLEC10A,6.8726387,2.5969039569740913e-09,5
AP1S2,2.8810189,5.008195251345589e-09,5
GSTP1,2.6668801,5.308490542924459e-09,5
CPVL,3.6672547,1.1448170321221556e-08,5
ANXA2,2.4436066,5.1835560440081626e-08,5
LGALS1,2.9924502,8.991906572453242e-08,5
HLA-DMB,2.9054468,1.761271990182114e-07,5
H2AFY,2.4512074,3.59128225976406e-07,5
LGALS2,3.019754,3.746740690639157e-07,5
CTSH,2.843017,3.746740690639157e-07,5
FCGRT,2.5947511,6.420736072706757e-07,5
CAPG,2.659067,1.0939331710766113e-06,5
GABARAP,2.1021764,1.448025110277379e-06,5
ARPC1B,1.6011229,1.7948184735940909e-06,5
RNF130,2.695995,3.358783290955017e-06,5
SRGN,2.0276668,3.6104687899603716e-06,5
TYMP,2.4263556,4.211132122994823e-06,5
AP2S1,2.1155477,5.994640572991033e-06,5
TAGLN2,1.9499419,8.19186747368867e-06,5
RAC1,2.0429547,8.19186747368867e-06,5
COTL1,2.0134928,9.713736743035179e-06,5
FCER1G,2.5583084,1.0096364941504065e-05,5
SPI1,2.4472256,1.2045812142316824e-05,5
EIF4A1,1.5614283,1.2045812142316824e-05,5
PYCARD,2.0899894,1.2644312179957328e-05,5
CFP,2.5729446,1.5422915908687546e-05,5
CD33,3.5194128,1.9296656486033066e-05,5
AMICA1,2.294643,2.044409048258201e-05,5
LAP3,2.5616112,2.524596496777242e-05,5
TYROBP,2.8074582,3.198591073589022e-05,5
RNASE6,3.0778403,3.198591073589022e-05,5
LST1,2.3656647,4.109043037684007e-05,5
KLF4,2.9642816,4.3432113053492485e-05,5
RNH1,2.1271977,4.558292853299012e-05,5
PHACTR1,3.7881398,6.698990265438142e-05,5
TUBA1B,1.9518989,6.700094460860667e-05,5
SPINT2,2.7079606,7.251152279395127e-05,5
S100A10,1.6988482,8.936268134266788e-05,5
IGSF6,2.941269,9.994539389065723e-05,5
LY86,2.3572705,0.0001124730262107212,5
PRELID1,1.831998,0.00011346728631590683,5
ANXA5,2.0405357,0.00011716609875781276,5
PGLS,1.9966961,0.00011759103226300312,5
ARF5,1.9555739,0.0001616403111171167,5
CD1C,5.2485585,0.000176427987589476,5
C1orf162,2.022012,0.00020111392870681544,5
PLD4,4.0056233,0.00020111392870681544,5
IL1B,3.3591278,0.00023955516211302105,5
CSTB,1.8469003,0.0002977217476005891,5
MS4A6A,2.5798185,0.00030165304713656546,5
ALDH2,3.0931861,0.0003194984450667337,5
LGALS9,2.1633327,0.00038308371863838474,5
LAMTOR1,1.8038317,0.00041701996450336224,5
BID,2.0578706,0.00041701996450336224,5
TGFBI,2.670812,0.00046662180674386867,5
EIF3L,1.6082051,0.0004682690072737394,5
AIF1,2.0500865,0.0004682690072737394,5
IFI30,2.2165923,0.0004755060155091516,5
VAMP8,1.6624013,0.0005932007002248511,5
SAMHD1,1.9338897,0.0006017751532883689,5
S100A11,1.8163232,0.0006064879223710518,5
GSN,3.7441201,0.0006884817090062086,5
CEBPD,2.1617372,0.0007002851734330494,5
RGS2,1.9505836,0.0007080269455246095,5
SERPINF1,8.026308,0.0008986015561745201,5
COX5B,1.5316299,0.0017297708424848972,5
RNASET2,1.5809386,0.0021606515771302095,5
LAMTOR2,1.8479481,0.0031465215186389523,5
ARF3,2.5331914,0.003159241447004947,5
ENHO,6.9053736,0.0031946461202877483,5
POMP,2.1120777,0.0033966829051162587,5
CD1D,3.28235,0.0034205264561282295,5
ATP5J2,1.6183864,0.0035658009783010964,5
TPM4,2.062998,0.0037435849323781026,5
CYC1,1.9285388,0.0037435849323781026,5
APEX1,1.8280053,0.0048285361619036,5
RGS1,2.3823626,0.005085029762981311,5
TNFSF13B,2.1515722,0.0056179010787494954,5
SYK,2.5435178,0.0056699126647887215,5
BST2,1.5183202,0.006134892450146557,5
RPS6KA4,3.4362535,0.006152603949173129,5
CNPY3,1.7090775,0.0066103153420747655,5
GNB2,1.770819,0.006862673902891912,5
YIF1B,2.8150423,0.0075429720624952895,5
ID2,1.6424091,0.007965806546807093,5
HLA-DQB2,3.9695547,0.008325847386173845,5
CCDC50,3.3356967,0.00874343617343959,5
CCDC88A,3.8276148,0.009246657907598106,5
RAB7A,1.565546,0.009734449119417845,5
MNDA,2.2465513,0.010033971760102994,5
SULF2,3.8320642,0.01016554269325157,5
NCF2,1.7963139,0.01016554269325157,5
FGR,1.6491877,0.011247384682063502,5
ATP5C1,1.712334,0.012532454516564439,5
CD302,2.9557807,0.015444513888439136,5
ATG3,1.6849544,0.015716530299293343,5
MRPL23,1.5544002,0.01658028992197363,5
FDFT1,2.091145,0.01688632956257667,5
UQCRFS1,1.5081526,0.018072167772023126,5
SUMO3,1.6590191,0.019537885726566173,5
PLSCR1,2.0169432,0.0199960198453897,5
BLVRB,1.8727365,0.02195386642142391,5
GNG5,1.6608157,0.0230189969574707,5
SAT2,1.7008784,0.025131649033953582,5
UBL7,2.2009797,0.026339462260509774,5
ACAA1,1.9118327,0.029217453718533237,5
IGFLR1,2.2842026,0.033857151399646304,5
CACNA2D3,4.5749507,0.034463540088308306,5
FIBP,1.6062744,0.035228237840648886,5
TNFAIP2,2.6670578,0.03680234824679163,5
CTSZ,2.1730244,0.038119385159589035,5
EPSTI1,1.7815378,0.03999457750666876,5
NAGK,1.9003103,0.04030800117226071,5
NDUFAB1,1.6802315,0.04324265197561217,5
FUOM,2.5978842,0.04516046569401117,5
ZNF385A,3.0582497,0.04521581587662613,5
ARL4C,1.8066818,0.04653851833348191,5
PTPRE,2.146984,0.047882748871631436,5
PPBP,12.874752,1.5554012087771196e-07,6
PF4,12.688855,1.5554012087771196e-07,6
CALM3,4.800546,1.6657319224992562e-07,6
GPX1,6.15459,2.1882163671979936e-07,6
MYL6,2.8117013,5.174540189964437e-07,6
TAGLN2,4.5063834,5.439505928549764e-07,6
SDPR,11.390264,5.439505928549764e-07,6
NRGN,8.808872,5.439505928549764e-07,6
RGS18,8.264954,5.439505928549764e-07,6
CCL5,5.416889,1.6955843451007656e-06,6
SH3BGRL3,2.9034584,1.8166644381845794e-06,6
OAZ1,2.9798365,1.8240684605899313e-06,6
RGS10,4.550576,1.9290084571448093e-06,6
ACTB,2.4340212,2.408676200587355e-06,6
GP9,13.348003,3.0285271361217166e-06,6
GNG11,11.525252,3.0285271361217166e-06,6
SPARC,10.156328,3.0285271361217166e-06,6
CD9,9.1408,3.0285271361217166e-06,6
HIST1H2AC,8.937423,3.0285271361217166e-06,6
ARPC1B,3.2145817,3.7574500055334095e-06,6
TPM4,6.2708035,4.524144497320712e-06,6
MYL12A,2.5604045,8.512787741971802e-06,6
AP001189.4,11.837774,1.802075725808797e-05,6
ITGA2B,12.085277,1.802075725808797e-05,6
CLU,10.06308,1.969647634150589e-05,6
RUFY1,6.9067383,2.4406509754179548e-05,6
NGFRAP1,6.186798,3.096592909517301e-05,6
H3F3A,3.608113,3.1007191824257226e-05,6
PRDX6,4.219241,3.193974493273456e-05,6
ILK,5.578969,4.9820644217102875e-05,6
ITM2B,2.335949,5.201297888872346e-05,6
OST4,2.882709,5.6808273046106316e-05,6
TMSB4X,1.5515096,5.831556607478632e-05,6
NCOA4,6.0099454,5.831556607478632e-05,6
SAT1,3.2772875,6.365827646258643e-05,6
FERMT3,5.117988,8.560183711236349e-05,6
CDKN2D,4.767384,8.560183711236349e-05,6
TMEM40,12.006295,0.0001309080060874025,6
PTCRA,11.168621,0.00013248538725860504,6
TUBB1,9.590811,0.00014640693049151806,6
ARPC5,2.8291256,0.00015126310622077808,6
FKBP1A,3.0738182,0.0002001067115223712,6
MPP1,6.622659,0.00020958165237706364,6
ACTN1,5.6690173,0.00024263697899189632,6
GRAP2,5.664591,0.0003076730528484198,6
PKM,3.230782,0.00037362245133311167,6
CTSA,5.168203,0.0004070131114075434,6
NAP1L1,2.5428684,0.0006787172439172598,6
TREML1,10.774319,0.0009155336849229365,6
MYL9,9.515216,0.0009356611451472292,6
TUBA4A,4.581174,0.0009356611451472292,6
ACRBP,9.253076,0.0009394078471657104,6
CA2,8.538749,0.0009971188244855132,6
SNCA,7.2448354,0.001120327544030704,6
PGRMC1,6.8172965,0.0012386598402770476,6
PDLIM1,5.4679685,0.001898338462301923,6
ODC1,5.193836,0.002761277707615829,6
PPDPF,1.6448455,0.0028386289603412797,6
CAPN1,4.2789383,0.004482016344946022,6
LAMTOR1,3.4923737,0.004524161201718473,6
SEPT5,11.195869,0.00514020608375765,6
PTGS1,8.024456,0.005629163555984792,6
F13A1,7.996701,0.0058158701748412134,6
MMD,7.659943,0.006036769703045779,6
DNAJB6,4.001631,0.006305031053919774,6
SERF2,1.5384912,0.006484739718280048,6
TPM1,6.911187,0.006692546650751194,6
YWHAH,3.7446911,0.007848803250648045,6
SRGN,2.6713498,0.008443478273298438,6
DYNLL1,3.1542504,0.008443478273298438,6
TIMP1,2.9592197,0.00930244489302473,6
PARVB,5.6824484,0.009929888252816958,6
ASAH1,3.308818,0.011222694330960892,6
SNN,5.435352,0.011929235752205242,6
RAP1B,3.25717,0.024473833930018285,6
LY6G6F,31.364878,0.02564722304385689,6
LIMS1,4.0343084,0.025791808754325792,6
CMTM5,10.03163,0.0260348354417727,6
H2AFJ,3.8299062,0.0260348354417727,6
GP1BA,9.231069,0.026150565920079607,6
TPST2,3.8057768,0.026200932095330386,6
RSU1,3.9887526,0.026925727734664087,6
RP11-367G6.3,7.949431,0.027393324486650543,6
GAS2L1,7.105404,0.02850818133583875,6
GPX4,1.8594472,0.02851266303005249,6
TSC22D1,7.70744,0.028919746376471434,6
TALDO1,3.1767983,0.030258915314723897,6
MAX,4.032151,0.03037929565724499,6
CD99,2.1994126,0.031611665824771595,6
HMGB1,1.6559796,0.03942660197134452,6
GSN,5.2541695,0.04255715703834331,6
MARCH2,5.3113923,0.04692087696526475,6
NENF,3.4290805,0.04802467590646213,6
